{
    "prediksi_1_hari": {
        "MSE": 23286.096329064607,
        "RMSE": 152.59782544015692,
        "MAE": 115.96665434403853,
        "MAPE": 1.2768356496799587,
        "R2": 0.974233417367292
    },
    "prediksi_1_minggu": {
        "MSE": 94792.83364313401,
        "RMSE": 307.8844485243352,
        "MAE": 236.6034361828457,
        "MAPE": 2.6445647449485574,
        "R2": 0.8952371605189712
    },
    "prediksi_multistep": {
        "hari_1": {
            "MSE": 23286.096329064607,
            "RMSE": 152.59782544015692,
            "MAE": 115.96665434403853,
            "MAPE": 1.2768356496799587,
            "R2": 0.974233417367292
        },
        "hari_2": {
            "MSE": 41294.54607054547,
            "RMSE": 203.21059536979234,
            "MAE": 156.24706623770973,
            "MAPE": 1.7361899644116392,
            "R2": 0.9545406211807346
        },
        "hari_3": {
            "MSE": 56854.453785606194,
            "RMSE": 238.44171989315586,
            "MAE": 186.7563270330429,
            "MAPE": 2.0780242629951102,
            "R2": 0.9374988822112291
        },
        "hari_4": {
            "MSE": 75267.56232274554,
            "RMSE": 274.34934357994285,
            "MAE": 208.88499183004552,
            "MAPE": 2.325541161724755,
            "R2": 0.9169666253399381
        },
        "hari_5": {
            "MSE": 94792.83364313401,
            "RMSE": 307.8844485243352,
            "MAE": 236.6034361828457,
            "MAPE": 2.6445647449485574,
            "R2": 0.8952371605189712
        },
        "hari_6": {
            "MSE": 120275.6787845,
            "RMSE": 346.8078412961564,
            "MAE": 273.20686586336654,
            "MAPE": 3.064115729009197,
            "R2": 0.8668464419784456
        },
        "hari_7": {
            "MSE": 145037.70468452005,
            "RMSE": 380.83816075141425,
            "MAE": 301.4231430725618,
            "MAPE": 3.377368046990875,
            "R2": 0.8389741061809857
        }
    },
    "high_volatility_performance": {
        "MSE": 80914.25460464052,
        "RMSE": 284.4543102233477,
        "MAE": 267.12593528357417,
        "MAPE": 2.998680506389571,
        "R2": 0.9019234419853926
    },
    "normal_volatility_performance": {
        "MSE": 8879.056760170632,
        "RMSE": 94.22874699459095,
        "MAE": 78.17683410915461,
        "MAPE": 0.8463744355025556,
        "R2": 0.9902706090442842
    }
}